{
  "day": {
    "precision": 1.0,
    "recall": 1.0,
    "f1-score": 1.0,
    "support": 9,
    "confused_with": {}
  },
  "problem": {
    "precision": 0.0,
    "recall": 0.0,
    "f1-score": 0.0,
    "support": 5,
    "confused_with": {}
  },
  "micro avg": {
    "precision": 1.0,
    "recall": 0.6428571428571429,
    "f1-score": 0.782608695652174,
    "support": 14
  },
  "macro avg": {
    "precision": 0.5,
    "recall": 0.5,
    "f1-score": 0.5,
    "support": 14
  },
  "weighted avg": {
    "precision": 0.6428571428571429,
    "recall": 0.6428571428571429,
    "f1-score": 0.6428571428571429,
    "support": 14
  },
  "accuracy": 0.9760765550239234
}