{
  "day": {
    "precision": 0.8,
    "recall": 1.0,
    "f1-score": 0.888888888888889,
    "support": 8,
    "confused_with": {}
  },
  "problem": {
    "precision": 1.0,
    "recall": 1.0,
    "f1-score": 1.0,
    "support": 5,
    "confused_with": {}
  },
  "micro avg": {
    "precision": 0.8666666666666667,
    "recall": 1.0,
    "f1-score": 0.9285714285714286,
    "support": 13
  },
  "macro avg": {
    "precision": 0.9,
    "recall": 1.0,
    "f1-score": 0.9444444444444444,
    "support": 13
  },
  "weighted avg": {
    "precision": 0.8769230769230769,
    "recall": 1.0,
    "f1-score": 0.9316239316239316,
    "support": 13
  },
  "accuracy": 0.9901960784313726
}