{
  "day": {
    "precision": 1.0,
    "recall": 0.375,
    "f1-score": 0.5454545454545454,
    "support": 8,
    "confused_with": {}
  },
  "problem": {
    "precision": 1.0,
    "recall": 0.6,
    "f1-score": 0.7499999999999999,
    "support": 5,
    "confused_with": {}
  },
  "micro avg": {
    "precision": 1.0,
    "recall": 0.46153846153846156,
    "f1-score": 0.631578947368421,
    "support": 13
  },
  "macro avg": {
    "precision": 1.0,
    "recall": 0.4875,
    "f1-score": 0.6477272727272727,
    "support": 13
  },
  "weighted avg": {
    "precision": 1.0,
    "recall": 0.46153846153846156,
    "f1-score": 0.6241258741258741,
    "support": 13
  },
  "accuracy": 0.9671361502347418
}