{
  "problem": {
    "precision": 1.0,
    "recall": 1.0,
    "f1-score": 1.0,
    "support": 5,
    "confused_with": {}
  },
  "day": {
    "precision": 1.0,
    "recall": 0.5454545454545454,
    "f1-score": 0.7058823529411764,
    "support": 11,
    "confused_with": {}
  },
  "micro avg": {
    "precision": 1.0,
    "recall": 0.6875,
    "f1-score": 0.8148148148148148,
    "support": 16
  },
  "macro avg": {
    "precision": 1.0,
    "recall": 0.7727272727272727,
    "f1-score": 0.8529411764705882,
    "support": 16
  },
  "weighted avg": {
    "precision": 1.0,
    "recall": 0.6875,
    "f1-score": 0.7977941176470588,
    "support": 16
  },
  "accuracy": 0.975609756097561
}