{
  "problem": {
    "precision": 1.0,
    "recall": 0.8,
    "f1-score": 0.888888888888889,
    "support": 5,
    "confused_with": {}
  },
  "day": {
    "precision": 0.5,
    "recall": 0.25,
    "f1-score": 0.3333333333333333,
    "support": 8,
    "confused_with": {}
  },
  "micro avg": {
    "precision": 0.75,
    "recall": 0.46153846153846156,
    "f1-score": 0.5714285714285714,
    "support": 13
  },
  "macro avg": {
    "precision": 0.75,
    "recall": 0.525,
    "f1-score": 0.6111111111111112,
    "support": 13
  },
  "weighted avg": {
    "precision": 0.6923076923076923,
    "recall": 0.46153846153846156,
    "f1-score": 0.547008547008547,
    "support": 13
  },
  "accuracy": 0.9538461538461539
}