{
  "problem": {
    "precision": 1.0,
    "recall": 0.75,
    "f1-score": 0.8571428571428571,
    "support": 4,
    "confused_with": {}
  },
  "day": {
    "precision": 0.5833333333333334,
    "recall": 0.875,
    "f1-score": 0.7000000000000001,
    "support": 8,
    "confused_with": {}
  },
  "micro avg": {
    "precision": 0.6666666666666666,
    "recall": 0.8333333333333334,
    "f1-score": 0.7407407407407408,
    "support": 12
  },
  "macro avg": {
    "precision": 0.7916666666666667,
    "recall": 0.8125,
    "f1-score": 0.7785714285714286,
    "support": 12
  },
  "weighted avg": {
    "precision": 0.7222222222222223,
    "recall": 0.8333333333333334,
    "f1-score": 0.7523809523809524,
    "support": 12
  },
  "accuracy": 0.9651741293532339
}