{
  "day": {
    "precision": 1.0,
    "recall": 0.7777777777777778,
    "f1-score": 0.8750000000000001,
    "support": 9,
    "confused_with": {}
  },
  "problem": {
    "precision": 1.0,
    "recall": 1.0,
    "f1-score": 1.0,
    "support": 5,
    "confused_with": {}
  },
  "micro avg": {
    "precision": 1.0,
    "recall": 0.8571428571428571,
    "f1-score": 0.923076923076923,
    "support": 14
  },
  "macro avg": {
    "precision": 1.0,
    "recall": 0.8888888888888888,
    "f1-score": 0.9375,
    "support": 14
  },
  "weighted avg": {
    "precision": 1.0,
    "recall": 0.8571428571428571,
    "f1-score": 0.9196428571428571,
    "support": 14
  },
  "accuracy": 0.9904306220095693
}