{
  "day": {
    "precision": 1.0,
    "recall": 1.0,
    "f1-score": 1.0,
    "support": 8,
    "confused_with": {}
  },
  "problem": {
    "precision": 1.0,
    "recall": 0.8,
    "f1-score": 0.888888888888889,
    "support": 5,
    "confused_with": {}
  },
  "micro avg": {
    "precision": 1.0,
    "recall": 0.9230769230769231,
    "f1-score": 0.9600000000000001,
    "support": 13
  },
  "macro avg": {
    "precision": 1.0,
    "recall": 0.9,
    "f1-score": 0.9444444444444444,
    "support": 13
  },
  "weighted avg": {
    "precision": 1.0,
    "recall": 0.9230769230769231,
    "f1-score": 0.9572649572649573,
    "support": 13
  },
  "accuracy": 0.9953051643192489
}