{
  "day": {
    "precision": 0.9,
    "recall": 1.0,
    "f1-score": 0.9473684210526316,
    "support": 9,
    "confused_with": {}
  },
  "problem": {
    "precision": 1.0,
    "recall": 0.8,
    "f1-score": 0.888888888888889,
    "support": 5,
    "confused_with": {}
  },
  "micro avg": {
    "precision": 0.9285714285714286,
    "recall": 0.9285714285714286,
    "f1-score": 0.9285714285714286,
    "support": 14
  },
  "macro avg": {
    "precision": 0.95,
    "recall": 0.9,
    "f1-score": 0.9181286549707603,
    "support": 14
  },
  "weighted avg": {
    "precision": 0.9357142857142857,
    "recall": 0.9285714285714286,
    "f1-score": 0.926482873851295,
    "support": 14
  },
  "accuracy": 0.9900497512437811
}