{
  "problem": {
    "precision": 1.0,
    "recall": 0.8,
    "f1-score": 0.888888888888889,
    "support": 5,
    "confused_with": {}
  },
  "day": {
    "precision": 1.0,
    "recall": 0.5,
    "f1-score": 0.6666666666666666,
    "support": 8,
    "confused_with": {}
  },
  "micro avg": {
    "precision": 1.0,
    "recall": 0.6153846153846154,
    "f1-score": 0.761904761904762,
    "support": 13
  },
  "macro avg": {
    "precision": 1.0,
    "recall": 0.65,
    "f1-score": 0.7777777777777778,
    "support": 13
  },
  "weighted avg": {
    "precision": 1.0,
    "recall": 0.6153846153846154,
    "f1-score": 0.7521367521367522,
    "support": 13
  },
  "accuracy": 0.9743589743589743
}