{
  "day": {
    "precision": 0.7142857142857143,
    "recall": 0.625,
    "f1-score": 0.6666666666666666,
    "support": 8,
    "confused_with": {}
  },
  "problem": {
    "precision": 1.0,
    "recall": 0.8,
    "f1-score": 0.888888888888889,
    "support": 5,
    "confused_with": {}
  },
  "micro avg": {
    "precision": 0.8181818181818182,
    "recall": 0.6923076923076923,
    "f1-score": 0.7500000000000001,
    "support": 13
  },
  "macro avg": {
    "precision": 0.8571428571428572,
    "recall": 0.7125,
    "f1-score": 0.7777777777777778,
    "support": 13
  },
  "weighted avg": {
    "precision": 0.8241758241758242,
    "recall": 0.6923076923076923,
    "f1-score": 0.7521367521367522,
    "support": 13
  },
  "accuracy": 0.9695431472081218
}