{
  "problem": {
    "precision": 1.0,
    "recall": 0.2,
    "f1-score": 0.33333333333333337,
    "support": 5,
    "confused_with": {}
  },
  "day": {
    "precision": 0.7142857142857143,
    "recall": 0.45454545454545453,
    "f1-score": 0.5555555555555556,
    "support": 11,
    "confused_with": {}
  },
  "micro avg": {
    "precision": 0.75,
    "recall": 0.375,
    "f1-score": 0.5,
    "support": 16
  },
  "macro avg": {
    "precision": 0.8571428571428572,
    "recall": 0.32727272727272727,
    "f1-score": 0.4444444444444445,
    "support": 16
  },
  "weighted avg": {
    "precision": 0.8035714285714286,
    "recall": 0.375,
    "f1-score": 0.48611111111111116,
    "support": 16
  },
  "accuracy": 0.9414634146341463
}