{
  "problem": {
    "precision": 1.0,
    "recall": 1.0,
    "f1-score": 1.0,
    "support": 5,
    "confused_with": {}
  },
  "day": {
    "precision": 0.7777777777777778,
    "recall": 0.6363636363636364,
    "f1-score": 0.7000000000000001,
    "support": 11,
    "confused_with": {}
  },
  "micro avg": {
    "precision": 0.8571428571428571,
    "recall": 0.75,
    "f1-score": 0.7999999999999999,
    "support": 16
  },
  "macro avg": {
    "precision": 0.8888888888888888,
    "recall": 0.8181818181818181,
    "f1-score": 0.8500000000000001,
    "support": 16
  },
  "weighted avg": {
    "precision": 0.8472222222222222,
    "recall": 0.75,
    "f1-score": 0.7937500000000001,
    "support": 16
  },
  "accuracy": 0.9707317073170731
}