{
  "day": {
    "precision": 0.875,
    "recall": 0.7777777777777778,
    "f1-score": 0.823529411764706,
    "support": 9,
    "confused_with": {}
  },
  "problem": {
    "precision": 0.8333333333333334,
    "recall": 1.0,
    "f1-score": 0.9090909090909091,
    "support": 5,
    "confused_with": {}
  },
  "micro avg": {
    "precision": 0.8571428571428571,
    "recall": 0.8571428571428571,
    "f1-score": 0.8571428571428571,
    "support": 14
  },
  "macro avg": {
    "precision": 0.8541666666666667,
    "recall": 0.8888888888888888,
    "f1-score": 0.8663101604278075,
    "support": 14
  },
  "weighted avg": {
    "precision": 0.8601190476190477,
    "recall": 0.8571428571428571,
    "f1-score": 0.854087089381207,
    "support": 14
  },
  "accuracy": 0.9808612440191388
}