{
  "problem": {
    "precision": 1.0,
    "recall": 0.5,
    "f1-score": 0.6666666666666666,
    "support": 4,
    "confused_with": {}
  },
  "day": {
    "precision": 0.5,
    "recall": 0.375,
    "f1-score": 0.42857142857142855,
    "support": 8,
    "confused_with": {}
  },
  "micro avg": {
    "precision": 0.625,
    "recall": 0.4166666666666667,
    "f1-score": 0.5,
    "support": 12
  },
  "macro avg": {
    "precision": 0.75,
    "recall": 0.4375,
    "f1-score": 0.5476190476190476,
    "support": 12
  },
  "weighted avg": {
    "precision": 0.6666666666666666,
    "recall": 0.4166666666666667,
    "f1-score": 0.5079365079365079,
    "support": 12
  },
  "accuracy": 0.9502487562189055
}