{
  "day": {
    "precision": 1.0,
    "recall": 0.7777777777777778,
    "f1-score": 0.8750000000000001,
    "support": 9,
    "confused_with": {}
  },
  "problem": {
    "precision": 1.0,
    "recall": 0.6,
    "f1-score": 0.7499999999999999,
    "support": 5,
    "confused_with": {}
  },
  "micro avg": {
    "precision": 1.0,
    "recall": 0.7142857142857143,
    "f1-score": 0.8333333333333333,
    "support": 14
  },
  "macro avg": {
    "precision": 1.0,
    "recall": 0.6888888888888889,
    "f1-score": 0.8125,
    "support": 14
  },
  "weighted avg": {
    "precision": 1.0,
    "recall": 0.7142857142857143,
    "f1-score": 0.8303571428571429,
    "support": 14
  },
  "accuracy": 0.9800995024875622
}