{
  "day": {
    "precision": 0.7272727272727273,
    "recall": 1.0,
    "f1-score": 0.8421052631578948,
    "support": 8,
    "confused_with": {}
  },
  "problem": {
    "precision": 0.0,
    "recall": 0.0,
    "f1-score": 0.0,
    "support": 5,
    "confused_with": {}
  },
  "micro avg": {
    "precision": 0.7272727272727273,
    "recall": 0.6153846153846154,
    "f1-score": 0.6666666666666667,
    "support": 13
  },
  "macro avg": {
    "precision": 0.36363636363636365,
    "recall": 0.5,
    "f1-score": 0.4210526315789474,
    "support": 13
  },
  "weighted avg": {
    "precision": 0.44755244755244755,
    "recall": 0.6153846153846154,
    "f1-score": 0.5182186234817814,
    "support": 13
  },
  "accuracy": 0.9607843137254902
}