{
  "day": {
    "precision": 1.0,
    "recall": 1.0,
    "f1-score": 1.0,
    "support": 8,
    "confused_with": {}
  },
  "problem": {
    "precision": 0.0,
    "recall": 0.0,
    "f1-score": 0.0,
    "support": 5,
    "confused_with": {}
  },
  "micro avg": {
    "precision": 1.0,
    "recall": 0.6153846153846154,
    "f1-score": 0.761904761904762,
    "support": 13
  },
  "macro avg": {
    "precision": 0.5,
    "recall": 0.5,
    "f1-score": 0.5,
    "support": 13
  },
  "weighted avg": {
    "precision": 0.6153846153846154,
    "recall": 0.6153846153846154,
    "f1-score": 0.6153846153846154,
    "support": 13
  },
  "accuracy": 0.9754901960784313
}