{
  "config_1": [
    [
      0.7605396825396825,
      0.7180952380952381,
      0.698984126984127,
      0.5742222222222222
    ],
    [
      0.7158888888888889,
      0.7171904761904762,
      0.6271746031746032,
      0.6507301587301587
    ],
    [
      0.6782672665025606,
      0.6797244150185325,
      0.6250005985300103,
      0.5099821746880571
    ]
  ],
  "config_2": [
    [
      0.7814603174603175,
      0.7960865800865801,
      0.6233333333333334,
      0.46821356421356425
    ],
    [
      0.8013333333333332,
      0.7186666666666666,
      0.6838008658008659,
      0.6665873015873016
    ],
    [
      0.7582548170783465,
      0.7066052683699743,
      0.6815762668703845,
      0.5356803327391563
    ]
  ]
}