{
  "day": {
    "precision": 0.5,
    "recall": 0.25,
    "f1-score": 0.3333333333333333,
    "support": 8,
    "confused_with": {}
  },
  "problem": {
    "precision": 0.0,
    "recall": 0.0,
    "f1-score": 0.0,
    "support": 5,
    "confused_with": {}
  },
  "micro avg": {
    "precision": 0.5,
    "recall": 0.15384615384615385,
    "f1-score": 0.23529411764705882,
    "support": 13
  },
  "macro avg": {
    "precision": 0.25,
    "recall": 0.125,
    "f1-score": 0.16666666666666666,
    "support": 13
  },
  "weighted avg": {
    "precision": 0.3076923076923077,
    "recall": 0.15384615384615385,
    "f1-score": 0.20512820512820512,
    "support": 13
  },
  "accuracy": 0.934010152284264
}