{
  "day": {
    "precision": 0.75,
    "recall": 0.75,
    "f1-score": 0.75,
    "support": 8,
    "confused_with": {}
  },
  "problem": {
    "precision": 1.0,
    "recall": 0.8,
    "f1-score": 0.888888888888889,
    "support": 5,
    "confused_with": {}
  },
  "micro avg": {
    "precision": 0.8333333333333334,
    "recall": 0.7692307692307693,
    "f1-score": 0.8,
    "support": 13
  },
  "macro avg": {
    "precision": 0.875,
    "recall": 0.775,
    "f1-score": 0.8194444444444444,
    "support": 13
  },
  "weighted avg": {
    "precision": 0.8461538461538461,
    "recall": 0.7692307692307693,
    "f1-score": 0.8034188034188035,
    "support": 13
  },
  "accuracy": 0.9746192893401016
}